-- Configuration
INSERT INTO BDSCONFIGURATION
(CONFIGKEY, CONFIGVALUE, DESCRIPTION, HASHVALUE)
VALUES('ACCESS_IP_ALLOW_POLICY', 'N', 'IP 접근 제어 정책', 'c90940b1cb4c3f2a8d75323ca32413c9bda3b5da9b9d658783b47cf8cc738c14');

INSERT INTO BDSCONFIGURATION
(CONFIGKEY, CONFIGVALUE, DESCRIPTION, HASHVALUE)
VALUES('ALLOW_MULTI_LOGIN', 'X', '중복 로그인 허용', '95d7bbfd70255f82b515adf7f7ab2b1e13efd7db63313bfd0d67657cfd9aba14');

INSERT INTO BDSCONFIGURATION
(CONFIGKEY, CONFIGVALUE, DESCRIPTION, HASHVALUE)
VALUES('EXPIRE_MINUTE_AUTHORIZATION_CODE', '10', 'AuthorizationCode 만료시간(분)', '4dbcf4def71e067da72a506d81844863cfd5734da031742d0370c871d0e704bd');

INSERT INTO BDSCONFIGURATION
(CONFIGKEY, CONFIGVALUE, DESCRIPTION, HASHVALUE)
VALUES('ID_MIN_LENGTH', '9', '계정 최소 길이', '1099ef196db2542642d8fe2f35a9b7210d4b4b16655ec5ce512fc88553f7dcff');

INSERT INTO BDSCONFIGURATION
(CONFIGKEY, CONFIGVALUE, DESCRIPTION, HASHVALUE)
VALUES('ID_TYPE', ' ', '계정 입력 타입', 'd0d1a4f3eaeeee2469949b4bedbcc28ec3d515a0f5727d5f7f34be7ef7353c64');

INSERT INTO BDSCONFIGURATION
(CONFIGKEY, CONFIGVALUE, DESCRIPTION, HASHVALUE)
VALUES('MONITORING_TRESHOLD_CPU', '90', 'CPU 사용율 임계치', '566acf3eadd1342a11c0adc10f9cc6afbf7e9466bd7a8b99f4706b003d1cca2d');

INSERT INTO BDSCONFIGURATION
(CONFIGKEY, CONFIGVALUE, DESCRIPTION, HASHVALUE)
VALUES('MONITORING_TRESHOLD_DISK', '80', 'DISK 사용율 임계치', 'f0bdadfb01fbb3d61c15a171fa2e9ca023d1d0ea4bfa3a863268bf42f2254292');

INSERT INTO BDSCONFIGURATION
(CONFIGKEY, CONFIGVALUE, DESCRIPTION, HASHVALUE)
VALUES('MONITORING_TRESHOLD_DISK_RISK', '91', 'DISK 사용율 임계치(위험)', 'a43daef50933381441cc603da27556d680d1e48be4a4dd11a27e2c3a4e8f85fb');

INSERT INTO BDSCONFIGURATION
(CONFIGKEY, CONFIGVALUE, DESCRIPTION, HASHVALUE)
VALUES('MONITORING_TRESHOLD_MEMORY', '90', 'MEMORY 사용율 임계치', 'a53339ee74d942833e4803ac8e44d0063f93413fc705b94aeeb7bf83e9051dbe');

INSERT INTO BDSCONFIGURATION
(CONFIGKEY, CONFIGVALUE, DESCRIPTION, HASHVALUE)
VALUES('PASSWORD_MIN_LENGTH', '9', '패스워드 최소 길이', '6f024f378c23d34a911e498e35e25bf378b199678ec6677bfca91f0d48c620e2');

INSERT INTO BDSCONFIGURATION
(CONFIGKEY, CONFIGVALUE, DESCRIPTION, HASHVALUE, FLAGVALID)
VALUES('PASSWORD_SPECIAL_CHARACTERS', '~`!@#$%^&*()-_=+\\|[{]}:,?', '패스워드 입력 가능 특수문자', '1db748566465ad6402cbe9b41b2e1e3c8c89361de860ff2eb6f8884ef8aee560', 'Y');

INSERT INTO BDSCONFIGURATION
(CONFIGKEY, CONFIGVALUE, DESCRIPTION, HASHVALUE)
VALUES('PASSWORD_TYPE', 'ANS', '패스워드 입력 타입', '617da53d9b7124b7400c8b83e78b7b8e3996be3c663b0f9293a0517fdfa5b76b');

INSERT INTO BDSCONFIGURATION
(CONFIGKEY, CONFIGVALUE, DESCRIPTION, HASHVALUE)
VALUES('POLICY_USER_AUTHORIZATION_PERIOD', '5', '인증 오류 정책 (분)', 'bdf31fb5ff78f19f665766e2f740fba4a8d678bc99c13eff672ff0c0d51d6c73');

INSERT INTO BDSCONFIGURATION
(CONFIGKEY, CONFIGVALUE, DESCRIPTION, HASHVALUE)
VALUES('POLICY_USER_AUTHORIZATION_TIMES', '5', '인증 오류 정책 (횟수)', '0d1339caa632af483cf7ad68f0022cbb8165f4ef150a63f399a2e1b7ff8ff634');

INSERT INTO BDSCONFIGURATION
(CONFIGKEY, CONFIGVALUE, DESCRIPTION, HASHVALUE)
VALUES('POLICY_USER_PASSWORD_CHANGE_PERIOD', '180', '비밀번호 변경 정책 (일)', '94ac9cd3b54528a8d796e7219d2a4f0daf7887341c1575fd84a01a35fa0bebbc');

INSERT INTO BDSCONFIGURATION
(CONFIGKEY, CONFIGVALUE, DESCRIPTION, HASHVALUE)
VALUES('SESSION_EXPIRE_MINUTE_ADMIN', '10', 'Admin 세션 만료시간(분)', '1b58f3d3067d682bac1c3328bdde34ce284f02b02547e54d83885cb2028251b6');

INSERT INTO BDSCONFIGURATION
(CONFIGKEY, CONFIGVALUE, DESCRIPTION, HASHVALUE)
VALUES('SESSION_EXPIRE_MINUTE_USER', '10', 'User 세션 만료시간(분)', '7197d1557ba919fd0b02c23633d03aa06aad639af8a70b0b28ac866d10fc06b5');

INSERT INTO BDSCONFIGURATION
(CONFIGKEY, CONFIGVALUE, DESCRIPTION, HASHVALUE)
VALUES('SESSION_MAX_COUNT', '1', '중복 세션 최대 허용 수', 'c32455cfb4a11380e58779602bf719300fe6d7e3188a5ff0cbc0c921ec500b3b');

INSERT INTO BDSCONFIGURATION
(CONFIGKEY, CONFIGVALUE, DESCRIPTION, HASHVALUE)
VALUES('FILE_PATH', 'c://', '모니터링 대상 경로', '600118c43cecb6b0a15890e194e01dd01b432dc6f8b6afff6b521c3929752832');

INSERT INTO BDSCONFIGURATION
(CONFIGKEY, CONFIGVALUE, DESCRIPTION, HASHVALUE)
VALUES('EXPORT_MAX_PAGE', '100', '내보내기 최대 페이지 수', 'ed86d174b4255128da4ce860d9f517bcf1c8d7735f8f673ea4c6bb134ce0dc8f');

INSERT INTO BDSCONFIGURATION
(CONFIGKEY, CONFIGVALUE, DESCRIPTION, HASHVALUE)
VALUES('PASSWORD_UPPER_CASE_NUM', '0', '패스워드 최소 포함 대문자 수', 'N/A' );

INSERT INTO BDSCONFIGURATION
(CONFIGKEY, CONFIGVALUE, DESCRIPTION, HASHVALUE)
VALUES('PASSWORD_LOWER_CASE_NUM', '1', '패스워드 최소 포함 소문자 수', 'N/A' );

INSERT INTO BDSCONFIGURATION
(CONFIGKEY, CONFIGVALUE, DESCRIPTION, HASHVALUE)
VALUES('PASSWORD_SPECIAL_CHARACTER_NUM', '0', '패스워드 최소 포함 특수문자 수', 'N/A' );

INSERT INTO BDSCONFIGURATION
(CONFIGKEY, CONFIGVALUE, DESCRIPTION, HASHVALUE)
VALUES('PASSWORD_NUMBER_NUM', '1', '패스워드 최소 포함 숫자 수', 'N/A' );

INSERT INTO BDSCONFIGURATION
(CONFIGKEY, CONFIGVALUE, DESCRIPTION, HASHVALUE)
VALUES('POLICY_OTP_AUTHORIZATION_TIMES', '5', 'OTP 인증 오류 정책(횟수) ', 'N/A' );

INSERT INTO BDSCONFIGURATION
(CONFIGKEY, CONFIGVALUE, DESCRIPTION, HASHVALUE)
VALUES ('POLICY_USER_PASSWORD_CHANGE_PERIOD_USE', 'Y', '비밀번호 변경 정책(사용여부)', 'N/A');

INSERT INTO BDSCONFIGURATION
(CONFIGKEY, CONFIGVALUE, DESCRIPTION, HASHVALUE)
VALUES ('POLICY_USER_PASSWORD_NOTICE_SETTING', 'AUTO', '알림 설정', 'N/A');

INSERT INTO BDSCONFIGURATION
(CONFIGKEY, CONFIGVALUE, DESCRIPTION, HASHVALUE)
VALUES('PASSWORD_NON_REPEATABLE_NUMBER', '3', '패스워드 연속입력 불가 횟수', '1' );

INSERT INTO BDSCONFIGURATION
(CONFIGKEY, CONFIGVALUE, DESCRIPTION, HASHVALUE)
VALUES('PASSWORD_NON_INPUTABLE_SPECIAL_CHARACTERS', '&<>\()$', '패스워드 입력 불가능 특수문자', '1' );

INSERT INTO BDSCONFIGURATION(CONFIGKEY, CONFIGVALUE, DESCRIPTION, HASHVALUE)
VALUES('RECENT_PASSWORD_NON_INPUTABLE_NUMBER', '3', '최근에 사용했던 패스워드 입력 불가 수', '1' );

INSERT INTO BDSCONFIGURATION
(CONFIGKEY, CONFIGVALUE, DESCRIPTION, HASHVALUE)
VALUES('ID_SPECIAL_CHARACTERS', '@.-_', '아이디 입력 가능 특수문자', '1' );

INSERT INTO BDSCONFIGURATION
(CONFIGKEY, CONFIGVALUE, DESCRIPTION, HASHVALUE)
VALUES('OTP_LONG_TERM_NON_USER_DAY', '30', '장기 미사용자 적용기준 (일)', '1');

INSERT INTO BDSCONFIGURATION
(CONFIGKEY, CONFIGVALUE, DESCRIPTION, HASHVALUE)
VALUES('OTP_FAIL_COUNT', '10', '연속인증실패 허용횟수', '1');

INSERT INTO BDSCONFIGURATION
(CONFIGKEY, CONFIGVALUE, DESCRIPTION, HASHVALUE)
VALUES('ID_MIN_LENGTH_USER', '5', '사용자 계정 최소 길이', '1');

INSERT INTO BDSCONFIGURATION
(CONFIGKEY, CONFIGVALUE, DESCRIPTION, HASHVALUE, FLAGVALID)
VALUES('DORMANT_ACCOUNT_LOCKED_PERIOD', '365', '휴면계정 잠김 기간(일)', '1', 'Y');

INSERT INTO BDSCONFIGURATION
(CONFIGKEY, CONFIGVALUE, DESCRIPTION, HASHVALUE)
VALUES ('PASSWORD_POLICY_GUIDE_MANUAL', 'N/A', '비밀번호 정책안내(수동)', '1');

INSERT INTO BDSCONFIGURATION
(CONFIGKEY, CONFIGVALUE, DESCRIPTION, HASHVALUE)
VALUES ('NOTICE_FILE_EXTENSIONS', 'txt,jpg,gif,png,doc,docx,ppt,pptx,xls,xlsx,hwp', '공지사항 첨부파일 확장자', '1');

INSERT INTO BDSCONFIGURATION
(CONFIGKEY, CONFIGVALUE, DESCRIPTION, HASHVALUE)
VALUES('SERVICE_FAILURE_CONTACT_INFORMATION', '정보화전략팀 042-350-1381', '서비스 장애 문의 정보', '1');


-- ADMIN
INSERT INTO BDSADMIN
(ID, NAME, PASSWORD, HANDPHONE, EMAIL,
FLAGUSE, ROLE, ADMINGRANTFLAG, CREATORID, CREATEDAT, UPDATORID, UPDATEDAT, PASSWORDCHANGEDAT, HASHVALUE, USERID, IP)
VALUES( 'admin', '관리자', '7c8615dc531e30e0b3ed9c4a7ad8ee10d42ec85968212ccf96618bc1a6110d27cc445ac4708faa7ec92b8df2e29b1826652fe477ce1455df79e18499b7983263', NULL, 'kbm4853@banidsnc.com',
'Y' , 'S', 'M', 'admin', SYSDATE, 'admin', SYSDATE, TO_DATE('19700101000000', 'YYYYMMDDHH24MISS'), '1', 'ejcho', '143.248.112.70 143.248.224.38 192.168.137.107');

-- BDSWHITEIP
INSERT INTO BDSWHITEIP
(OID, IP, DESCRIPTION, FLAGENABLEDELETE, CREATORID, CREATEDAT, UPDATORID, UPDATEDAT, FLAGALLOW, HASHVALUE, TARGETOBJECTTYPE, TARGETOBJECTID)
VALUES('1MXLYGHv01C', '127.0.0.1', 'ADMIN:127.0.0.1', 'N', 'admin', SYSDATE, NULL, SYSDATE, 'Y', '77731827bcc96c51d2c2ad915aaff7e72b389231ada1a04bb349038252436ba5', 'ADMIN', '127.0.0.1');

--------------------------------------------------------------------------------------
-- IM --------------------------------------------------------------------------------
--------------------------------------------------------------------------------------

-- BDSGROUP
-- root
INSERT INTO BDSGROUP
(ID, Name, Description, SortOrder, ParentID, ORIGINALPARENTID,FullPathIndex, SubLastIndex, Status, CREATORID, CREATEDAT, UPDATORID, UPDATEDAT, FLAGSYNC, TYPECODE)
VALUES('G000', '카이스트', '', '000', 'N/A','N/A', '#0', 0, 'A', 'admin', SYSDATE, 'admin', SYSDATE, 'N', 'org');

INSERT INTO BDSGROUP
(ID, Name, Description, SortOrder, ParentID, ORIGINALPARENTID,FullPathIndex, SubLastIndex, Status, CREATORID, CREATEDAT, UPDATORID, UPDATEDAT, FLAGSYNC, TYPECODE)
VALUES('U000', '미 정의 부서', '', '99999', 'G000','G000', '#000', -1, 'A', 'admin', SYSDATE, 'admin', SYSDATE, 'N', 'org');

INSERT INTO BDSSCHEDULER (FLAGUSE, SCHEDULERNAME, EXPRESS, BODY, FLAGMULTI, MODULE)
VALUES('Y', 'SyncOrganization', '0 0 1 * * ?', '조직도 연동', 'Y', '4');

INSERT INTO BDSSCHEDULER (FLAGUSE, SCHEDULERNAME, EXPRESS, BODY, FLAGMULTI, MODULE)
VALUES('N', 'CheckDelegateRole', '0 0 1 * * ?', '위임 롤 생성 및 삭제', 'Y', '4');

INSERT INTO BDSSCHEDULER (FLAGUSE, SCHEDULERNAME, EXPRESS, BODY, FLAGMULTI, MODULE)
VALUES('N', 'SetInitClient', '0 0 1 * * ?', '서비스 초기 세팅', 'Y', '4');

INSERT INTO BDSSCHEDULER (FLAGUSE, SCHEDULERNAME, EXPRESS, BODY, FLAGMULTI, MODULE)
VALUES('N', 'SyncClientResource', '0 0 3 * * ?', '리소스 연동', 'Y', '4');

INSERT INTO BDSSCHEDULER (FLAGUSE, SCHEDULERNAME, EXPRESS, BODY, FLAGMULTI, MODULE)
VALUES('N', 'CheckDormantUserAccount', '0 0 2 * * ?', '휴면 사용자계정 체크', 'Y', '4');

INSERT INTO BDSSCHEDULER (FLAGUSE, SCHEDULERNAME, EXPRESS, BODY, FLAGMULTI, MODULE)
VALUES('Y', 'DeleteOldParameters', '0 0 4 * * ?', '사용하지 않는 공통로그인 파라미터 삭제', 'Y', '4');

-- MSSQL, TIBERO 에서만 사용.
INSERT INTO BDSCONFIGURATION
(CONFIGKEY, CONFIGVALUE, DESCRIPTION, HASHVALUE)
VALUES('CONNECTED_CLIENTS', ';', '접속중인 Client DB 계정', 'N/A');


INSERT INTO BDSRESOURCE
(OID, CLIENTOID, NAME, PARENTOID, DESCRIPTION, SORTORDER, CREATORID, CREATEDAT, UPDATORID, UPDATEDAT, SUBLASTINDEX, FULLPATHINDEX, FLAGUSE)
VALUES('R_ROOT', 'N/A', 'RESOURCE ROOT', 'N/A', 'RESOURCE ROOT', 0, 'admin', SYSDATE, 'admin', SYSDATE, -1, '#0', 'Y');


-- 전사 공통 롤.(카이스트 모든 사용자를 대상)
INSERT INTO BDSROLEMASTER
(OID, GROUPID, NAME, ROLETYPE, USERTYPE, FLAGAUTODELETE, DESCRIPTION, CREATORID, CREATEDAT, UPDATORID, UPDATEDAT, FLAGDELEGATED)
VALUES('ALL', 'G000', '카이스트'' 전체공통 롤', 'A',  NULL, 'Y', '카이스트 전체 공통롤', 'admin', SYSDATE, NULL, NULL, 'N');

-- 최상위 부서의 공통 롤.(단위부서)
INSERT INTO BDSROLEMASTER
(OID, GROUPID, NAME, ROLETYPE, USERTYPE, FLAGAUTODELETE, DESCRIPTION, CREATORID, CREATEDAT, UPDATORID, UPDATEDAT, FLAGDELEGATED)
VALUES('G000', 'G000', '카이스트'' 부서공통 롤', 'D',  NULL, 'Y', '카이스트 부서 공통롤', 'admin', SYSDATE, NULL, NULL, 'N');

-- 최상위 부서장 롤
INSERT INTO BDSROLEMASTER
(OID, GROUPID, NAME, ROLETYPE, USERTYPE, FLAGAUTODELETE, DESCRIPTION, CREATORID, CREATEDAT, UPDATORID, UPDATEDAT, FLAGDELEGATED)
VALUES('G000_M', 'G000', '카이스트'' 부서장 롤', 'M',  NULL, 'Y', '카이스트 부서장롤', 'admin', SYSDATE, NULL,NULL, 'N');

-- 마종의 부서의 공통 롤.(단위부서)
INSERT INTO BDSROLEMASTER
(OID, GROUPID, NAME, ROLETYPE, USERTYPE, FLAGAUTODELETE, DESCRIPTION, CREATORID, CREATEDAT, UPDATORID, UPDATEDAT, FLAGDELEGATED)
VALUES('U000', 'U000', '미정의'' 부서공통 롤', 'D',  NULL, 'Y', '미정의 부서 공통롤', 'admin', SYSDATE, NULL, NULL, 'N');

-- 미정의 부서장 롤
INSERT INTO BDSROLEMASTER
(OID, GROUPID, NAME, ROLETYPE, USERTYPE, FLAGAUTODELETE, DESCRIPTION, CREATORID, CREATEDAT, UPDATORID, UPDATEDAT, FLAGDELEGATED)
VALUES('U000_M', 'U000', '미정의'' 부서장 롤', 'M',  NULL, 'Y', '미정의 부서장 롤', 'admin', SYSDATE, NULL,NULL, 'N');

-- 사용자유형 롤
INSERT INTO BDSROLEMASTER
(OID, GROUPID, NAME, ROLETYPE, USERTYPE, FLAGAUTODELETE, DESCRIPTION, CREATORID, CREATEDAT, UPDATORID, UPDATEDAT, FLAGDELEGATED)
VALUES('P', 'G000', '교수 롤', 'U',  'P', 'Y', '교수 롤', 'admin', SYSDATE, NULL, NULL, 'N');

INSERT INTO BDSROLEMASTER
(OID, GROUPID, NAME, ROLETYPE, USERTYPE, FLAGAUTODELETE, DESCRIPTION, CREATORID, CREATEDAT, UPDATORID, UPDATEDAT, FLAGDELEGATED)
VALUES('E', 'G000', '직원 롤', 'U',  'E', 'Y', '직원 롤', 'admin', SYSDATE, NULL, NULL, 'N');

INSERT INTO BDSROLEMASTER
(OID, GROUPID, NAME, ROLETYPE, USERTYPE, FLAGAUTODELETE, DESCRIPTION, CREATORID, CREATEDAT, UPDATORID, UPDATEDAT, FLAGDELEGATED)
VALUES('U', 'G000', '기간제직원 롤', 'U',  'U', 'Y', '기간제직원 롤', 'admin', SYSDATE, NULL, NULL, 'N');

INSERT INTO BDSROLEMASTER
(OID, GROUPID, NAME, ROLETYPE, USERTYPE, FLAGAUTODELETE, DESCRIPTION, CREATORID, CREATEDAT, UPDATORID, UPDATEDAT, FLAGDELEGATED)
VALUES('H', 'G000', '학부모 롤', 'U',  'H', 'Y', '학부모 롤', 'admin', SYSDATE, NULL, NULL, 'N');

INSERT INTO BDSROLEMASTER
(OID, GROUPID, NAME, ROLETYPE, USERTYPE, FLAGAUTODELETE, DESCRIPTION, CREATORID, CREATEDAT, UPDATORID, UPDATEDAT, FLAGDELEGATED)
VALUES('R', 'G000', '퇴직자 롤', 'U',  'R', 'Y', '퇴직자 롤', 'admin', SYSDATE, NULL, NULL, 'N');

INSERT INTO BDSROLEMASTER
(OID, GROUPID, NAME, ROLETYPE, USERTYPE, FLAGAUTODELETE, DESCRIPTION, CREATORID, CREATEDAT, UPDATORID, UPDATEDAT, FLAGDELEGATED)
VALUES('S', 'G000', '재학생 롤', 'U',  'S', 'Y', '재학생 롤', 'admin', SYSDATE, NULL, NULL, 'N');

INSERT INTO BDSROLEMASTER
(OID, GROUPID, NAME, ROLETYPE, USERTYPE, FLAGAUTODELETE, DESCRIPTION, CREATORID, CREATEDAT, UPDATORID, UPDATEDAT, FLAGDELEGATED)
VALUES('A', 'G000', '졸업생 롤', 'U',  'A', 'Y', '졸업생 롤', 'admin', SYSDATE, NULL, NULL, 'N');

INSERT INTO BDSROLEMASTER
(OID, GROUPID, NAME, ROLETYPE, USERTYPE, FLAGAUTODELETE, DESCRIPTION, CREATORID, CREATEDAT, UPDATORID, UPDATEDAT, FLAGDELEGATED)
VALUES('G', 'G000', '학생합격자 롤', 'U',  'G', 'Y', '학생합격자 롤', 'admin', SYSDATE, NULL, NULL, 'N');

INSERT INTO BDSROLEMASTER
(OID, GROUPID, NAME, ROLETYPE, USERTYPE, FLAGAUTODELETE, DESCRIPTION, CREATORID, CREATEDAT, UPDATORID, UPDATEDAT, FLAGDELEGATED)
VALUES('C', 'G000', '잠재입학생 롤', 'U',  'C', 'Y', '잠재입학생 롤', 'admin', SYSDATE, NULL, NULL, 'N');

INSERT INTO BDSROLEMASTER
(OID, GROUPID, NAME, ROLETYPE, USERTYPE, FLAGAUTODELETE, DESCRIPTION, CREATORID, CREATEDAT, UPDATORID, UPDATEDAT, FLAGDELEGATED)
VALUES('L', 'G000', '입학지원자 롤', 'U',  'L', 'Y', '입학지원자 롤', 'admin', SYSDATE, NULL, NULL, 'N');

INSERT INTO BDSROLEMASTER
(OID, GROUPID, NAME, ROLETYPE, USERTYPE, FLAGAUTODELETE, DESCRIPTION, CREATORID, CREATEDAT, UPDATORID, UPDATEDAT, FLAGDELEGATED)
VALUES('T', 'G000', '외부임시접속 롤', 'U',  'T', 'Y', '외부임시접속 롤', 'admin', SYSDATE, NULL, NULL, 'N');

INSERT INTO BDSROLEMASTER
(OID, GROUPID, NAME, ROLETYPE, USERTYPE, FLAGAUTODELETE, DESCRIPTION, CREATORID, CREATEDAT, UPDATORID, UPDATEDAT, FLAGDELEGATED)
VALUES('V', 'G000', '협력업체직원 롤', 'U',  'V', 'Y', '협력업체직원 롤', 'admin', SYSDATE, NULL, NULL, 'N');

INSERT INTO BDSROLEMASTER
(OID, GROUPID, NAME, ROLETYPE, USERTYPE, FLAGAUTODELETE, DESCRIPTION, CREATORID, CREATEDAT, UPDATORID, UPDATEDAT, FLAGDELEGATED)
VALUES('O', 'G000', '외부인 롤', 'U',  'O', 'Y', '외부인 롤', 'admin', SYSDATE, NULL, NULL, 'N');

-- 본인인증 정책관리
INSERT INTO BDSIDENTITYAUTHENTICATION
(SERVICETYPE, PERSONAL_INFORMATION_AUTHENTICATION_SERVICE, MOBILE_PHONE_AUTHENTICATION_SERVICE, MOBILE_PHONE, MAIL, FINDUID)
VALUES ('signup', 'enable', 'enable', 'enable', 'enable', 'enable');

INSERT INTO BDSIDENTITYAUTHENTICATION
(SERVICETYPE, PERSONAL_INFORMATION_AUTHENTICATION_SERVICE, MOBILE_PHONE_AUTHENTICATION_SERVICE, MOBILE_PHONE, MAIL, FINDUID, RESULT_SCREEN, RESULT_MAIL)
VALUES ('findid', 'enable', 'enable', 'enable', 'enable', 'enable', 'enable', 'disable');

INSERT INTO BDSIDENTITYAUTHENTICATION
(SERVICETYPE, PERSONAL_INFORMATION_AUTHENTICATION_SERVICE, MOBILE_PHONE_AUTHENTICATION_SERVICE, MOBILE_PHONE, MAIL, FINDUID)
VALUES ('findpw', 'enable', 'enable', 'enable', 'enable', 'enable');

INSERT INTO BDSIDENTITYAUTHENTICATION
(SERVICETYPE, PERSONAL_INFORMATION_AUTHENTICATION_SERVICE, MOBILE_PHONE_AUTHENTICATION_SERVICE, MOBILE_PHONE, MAIL, FINDUID)
VALUES ('otpregistration', 'enable', 'enable', 'enable', 'enable', 'enable');

INSERT INTO BDSIDENTITYAUTHENTICATION
(SERVICETYPE, PERSONAL_INFORMATION_AUTHENTICATION_SERVICE, MOBILE_PHONE_AUTHENTICATION_SERVICE, MOBILE_PHONE, MAIL, FINDUID)
VALUES ('otpunlock', 'enable', 'enable', 'enable', 'enable', 'enable');

-- SSOTYPE에 따른 initialRow
-- 통합 SSO
INSERT INTO BDSCLIENT (OID, NAME, SECRET, IP, HASHVALUE, URL, REDIRECTURI, FLAGUSESSO, FLAGUSEEAM, FLAGUSEOTP, SSOTYPE, DESCRIPTION, INFO_MARK_OPTN, SERVICEORDERNO, FLAGUSE, FLAGOPEN, CREATEDAT, UPDATEDAT, MANAGERID) VALUES ('CA2',     '학사 시스템',   'c11111',   '127.0.0.1', '1',   'https://ssogw6.kaist.ac.kr/sso/CA2_autologin/',    'N/A',  'Y',    'N',    'N',    'S',    'Academic System &#40;학사 시스템&#41;',     NULL,  106,     'Y',    'Y',    NULL,   TO_DATE(SYSDATE, 'YYYY-MM-DD HH24:MI:SS'),   'capdata');
INSERT INTO BDSCLIENT (OID, NAME, SECRET, IP, HASHVALUE, URL, REDIRECTURI, FLAGUSESSO, FLAGUSEEAM, FLAGUSEOTP, SSOTYPE, DESCRIPTION, INFO_MARK_OPTN, SERVICEORDERNO, FLAGUSE, FLAGOPEN, CREATEDAT, UPDATEDAT, MANAGERID) VALUES ('SOA',     'ERP 전자결재',     'c11112',   '127.0.0.1', '1',   'http://webs.kaist.ac.kr/erp2/sso/EBW_autologin.jsp?lang=',     'N/A',  'Y',    'N',    'N',    'S',    '&amp',     NULL,  103,     'N',    'N',    NULL,   TO_DATE(SYSDATE, 'YYYY-MM-DD HH24:MI:SS'),   'haewon95');
INSERT INTO BDSCLIENT (OID, NAME, SECRET, IP, HASHVALUE, URL, REDIRECTURI, FLAGUSESSO, FLAGUSEEAM, FLAGUSEOTP, SSOTYPE, DESCRIPTION, INFO_MARK_OPTN, SERVICEORDERNO, FLAGUSE, FLAGOPEN, CREATEDAT, UPDATEDAT, MANAGERID) VALUES ('PO',  '포탈',   'c11113',   '127.0.0.1', '1',   'https://portalsso.kaist.ac.kr/ssoProcess.ps?lang=',    'N/A',  'Y',    'N',    'N',    'S',    'KAIST Portal Service &#40;포탈 서비스&#41;',    NULL,  909,     'Y',    'Y',    NULL,   TO_DATE(SYSDATE, 'YYYY-MM-DD HH24:MI:SS'),   'ejcho');
INSERT INTO BDSCLIENT (OID, NAME, SECRET, IP, HASHVALUE, URL, REDIRECTURI, FLAGUSESSO, FLAGUSEEAM, FLAGUSEOTP, SSOTYPE, DESCRIPTION, INFO_MARK_OPTN, SERVICEORDERNO, FLAGUSE, FLAGOPEN, CREATEDAT, UPDATEDAT, MANAGERID) VALUES ('LIB',     '도서관(SSO)',     'c11114',   '127.0.0.1', '1',   'https://ssogw3.kaist.ac.kr/sso/LIB_autologin.do?lang=',    'N/A',  'Y',    'N',    'N',    'S',    'Library &#40;도서관&#41;',    NULL,  108,     'Y',    'Y',    NULL,   TO_DATE(SYSDATE, 'YYYY-MM-DD HH24:MI:SS'),   'kamamovie');
INSERT INTO BDSCLIENT (OID, NAME, SECRET, IP, HASHVALUE, URL, REDIRECTURI, FLAGUSESSO, FLAGUSEEAM, FLAGUSEOTP, SSOTYPE, DESCRIPTION, INFO_MARK_OPTN, SERVICEORDERNO, FLAGUSE, FLAGOPEN, CREATEDAT, UPDATEDAT, MANAGERID) VALUES ('SAF',     '안전팀',  'c11115',   '127.0.0.1', '1',   'https://ssogw10.kaist.ac.kr/sso/SAF_autologin_uid.aspx',   'N/A',  'Y',    'N',    'N',    'S',    'Laboratory Safety (안전팀 홈페이지)',     NULL,  111,     'Y',    'Y',    NULL,   TO_DATE(SYSDATE, 'YYYY-MM-DD HH24:MI:SS'),   'hwang_won');
INSERT INTO BDSCLIENT (OID, NAME, SECRET, IP, HASHVALUE, URL, REDIRECTURI, FLAGUSESSO, FLAGUSEEAM, FLAGUSEOTP, SSOTYPE, DESCRIPTION, INFO_MARK_OPTN, SERVICEORDERNO, FLAGUSE, FLAGOPEN, CREATEDAT, UPDATEDAT, MANAGERID) VALUES ('EBS',     'Std. ERP',     'c11116',   '127.0.0.1', '1',   'https://kebs.kaist.ac.kr:4443/oa_servlets/AppsLogin?langCode=',    'N/A',  'Y',    'N',    'N',    'S',    'Std. ERP',     NULL,  109,     'Y',    'Y',    NULL,   TO_DATE(SYSDATE, 'YYYY-MM-DD HH24:MI:SS'),   'imaltair');
INSERT INTO BDSCLIENT (OID, NAME, SECRET, IP, HASHVALUE, URL, REDIRECTURI, FLAGUSESSO, FLAGUSEEAM, FLAGUSEOTP, SSOTYPE, DESCRIPTION, INFO_MARK_OPTN, SERVICEORDERNO, FLAGUSE, FLAGOPEN, CREATEDAT, UPDATEDAT, MANAGERID) VALUES ('SAT',     '온라인안전인증평가',    'c11117',   '127.0.0.1', '1',   'https://ssogw8.kaist.ac.kr/sso/SAT_autologin.asp',     'N/A',  'Y',    'N',    'N',    'S',    'Online Safety Certificate Accessment (온라인안전인증평가)',     NULL,  112,     'Y',    'Y',    NULL,   TO_DATE(SYSDATE, 'YYYY-MM-DD HH24:MI:SS'),   'hwang_won');
INSERT INTO BDSCLIENT (OID, NAME, SECRET, IP, HASHVALUE, URL, REDIRECTURI, FLAGUSESSO, FLAGUSEEAM, FLAGUSEOTP, SSOTYPE, DESCRIPTION, INFO_MARK_OPTN, SERVICEORDERNO, FLAGUSE, FLAGOPEN, CREATEDAT, UPDATEDAT, MANAGERID) VALUES ('EBW',     'Web ERP',  'c11118',   '127.0.0.1', '1',   'http://webs.kaist.ac.kr/erp2/sso/EBW_autologin.jsp?lang=',     'N/A',  'Y',    'N',    'N',    'S',    'Research and General Administrative ERP Service &#40;연구 및 일반행정 ERP 서비스&#41;',  NULL,  102,     'Y',    'Y',    NULL,   TO_DATE(SYSDATE, 'YYYY-MM-DD HH24:MI:SS'),   'imaltair');
INSERT INTO BDSCLIENT (OID, NAME, SECRET, IP, HASHVALUE, URL, REDIRECTURI, FLAGUSESSO, FLAGUSEEAM, FLAGUSEOTP, SSOTYPE, DESCRIPTION, INFO_MARK_OPTN, SERVICEORDERNO, FLAGUSE, FLAGOPEN, CREATEDAT, UPDATEDAT, MANAGERID) VALUES ('EIS',     'BI',   'c11119',   '127.0.0.1', '1',   'https://bi.kaist.ac.kr/sso/bi_autologin.aspx',     'N/A',  'Y',    'N',    'N',    'S',    'Business Intelligence Service &#40;경영정보 서비스&#41;',     NULL,  301,     'Y',    'Y',    NULL,   TO_DATE(SYSDATE, 'YYYY-MM-DD HH24:MI:SS'),   'jiky1234');
INSERT INTO BDSCLIENT (OID, NAME, SECRET, IP, HASHVALUE, URL, REDIRECTURI, FLAGUSESSO, FLAGUSEEAM, FLAGUSEOTP, SSOTYPE, DESCRIPTION, INFO_MARK_OPTN, SERVICEORDERNO, FLAGUSE, FLAGOPEN, CREATEDAT, UPDATEDAT, MANAGERID) VALUES ('FP',  'Find People(서울)',  'c11120',   '127.0.0.1', '1',   'https://ssogw2.kaist.ac.kr/FP_autologin.asp',  'N/A',  'Y',    'N',    'N',    'S',    'Find People in Seoul Campus',  NULL,  401,     'Y',    'Y',    NULL,   TO_DATE(SYSDATE, 'YYYY-MM-DD HH24:MI:SS'),   'khlee');
INSERT INTO BDSCLIENT (OID, NAME, SECRET, IP, HASHVALUE, URL, REDIRECTURI, FLAGUSESSO, FLAGUSEEAM, FLAGUSEOTP, SSOTYPE, DESCRIPTION, INFO_MARK_OPTN, SERVICEORDERNO, FLAGUSE, FLAGOPEN, CREATEDAT, UPDATEDAT, MANAGERID) VALUES ('EMA',     '이메일',  'c11121',   '127.0.0.1', '1',   'https://ssogw17.kaist.ac.kr/sso/EMA_autologin.jsp',    'N/A',  'Y',    'N',    'N',    'S',    '&amp;#40',     NULL,  101,     'Y',    'Y',    NULL,   TO_DATE(SYSDATE, 'YYYY-MM-DD HH24:MI:SS'),   'jaekwonkim');
INSERT INTO BDSCLIENT (OID, NAME, SECRET, IP, HASHVALUE, URL, REDIRECTURI, FLAGUSESSO, FLAGUSEEAM, FLAGUSEOTP, SSOTYPE, DESCRIPTION, INFO_MARK_OPTN, SERVICEORDERNO, FLAGUSE, FLAGOPEN, CREATEDAT, UPDATEDAT, MANAGERID) VALUES ('WF',  '전자문서',     'c11122',   '127.0.0.1', '1',   'http://workflow.kaist.ac.kr/WF_autologin.aspx',    'N/A',  'Y',    'N',    'N',    'S',    'EDMS Service (전자문서 서비스)',  NULL,  105,     'Y',    'Y',    NULL,   TO_DATE(SYSDATE, 'YYYY-MM-DD HH24:MI:SS'),   'kcleeb');
INSERT INTO BDSCLIENT (OID, NAME, SECRET, IP, HASHVALUE, URL, REDIRECTURI, FLAGUSESSO, FLAGUSEEAM, FLAGUSEOTP, SSOTYPE, DESCRIPTION, INFO_MARK_OPTN, SERVICEORDERNO, FLAGUSE, FLAGOPEN, CREATEDAT, UPDATEDAT, MANAGERID) VALUES ('KLMS',    'KLMS',     'c11123',   '127.0.0.1', '1',   'https://ssogw15.kaist.ac.kr/sso/ICAM_autologin.php',   'N/A',  'Y',    'N',    'N',    'S',    'KLMS &#40;학습관리&#41;',  NULL,  107,     'Y',    'Y',    NULL,   TO_DATE(SYSDATE, 'YYYY-MM-DD HH24:MI:SS'),   'sexylim');
INSERT INTO BDSCLIENT (OID, NAME, SECRET, IP, HASHVALUE, URL, REDIRECTURI, FLAGUSESSO, FLAGUSEEAM, FLAGUSEOTP, SSOTYPE, DESCRIPTION, INFO_MARK_OPTN, SERVICEORDERNO, FLAGUSE, FLAGOPEN, CREATEDAT, UPDATEDAT, MANAGERID) VALUES ('RIMS',    'RIMS',     'c11124',   '127.0.0.1', '1',   'https://rims.kaist.ac.kr/rims/sso/RIMS_autologin.jsp',     'N/A',  'Y',    'N',    'N',    'S',    'Research Information Management System (연구업적관리시스템)',   NULL,  110,     'Y',    'Y',    NULL,   TO_DATE(SYSDATE, 'YYYY-MM-DD HH24:MI:SS'),   'hylee');
INSERT INTO BDSCLIENT (OID, NAME, SECRET, IP, HASHVALUE, URL, REDIRECTURI, FLAGUSESSO, FLAGUSEEAM, FLAGUSEOTP, SSOTYPE, DESCRIPTION, INFO_MARK_OPTN, SERVICEORDERNO, FLAGUSE, FLAGOPEN, CREATEDAT, UPDATEDAT, MANAGERID) VALUES ('IRT',     '국제협력 DB',  'c11125',   '127.0.0.1', '1',   'https://ssogw18.kaist.ac.kr/sso/IRT_autologin.jsp',    'N/A',  'Y',    'N',    'N',    'S',    'Intl Cooperation DB (국제협력 DB)',    NULL,  114,     'Y',    'Y',    NULL,   TO_DATE(SYSDATE, 'YYYY-MM-DD HH24:MI:SS'),   'rudy96');
INSERT INTO BDSCLIENT (OID, NAME, SECRET, IP, HASHVALUE, URL, REDIRECTURI, FLAGUSESSO, FLAGUSEEAM, FLAGUSEOTP, SSOTYPE, DESCRIPTION, INFO_MARK_OPTN, SERVICEORDERNO, FLAGUSE, FLAGOPEN, CREATEDAT, UPDATEDAT, MANAGERID) VALUES ('PPMS',    '특허관리',     'c11126',   '127.0.0.1', '1',   'https://ssogw7.kaist.ac.kr/sso/PPMS_autologin_uid.php',    'N/A',  'Y',    'N',    'N',    'S',    'PPMS (특허관리)',  NULL,  115,     'Y',    'Y',    NULL,   TO_DATE(SYSDATE, 'YYYY-MM-DD HH24:MI:SS'),   'whitejy02');
INSERT INTO BDSCLIENT (OID, NAME, SECRET, IP, HASHVALUE, URL, REDIRECTURI, FLAGUSESSO, FLAGUSEEAM, FLAGUSEOTP, SSOTYPE, DESCRIPTION, INFO_MARK_OPTN, SERVICEORDERNO, FLAGUSE, FLAGOPEN, CREATEDAT, UPDATEDAT, MANAGERID) VALUES ('ELN',     '전자연구노트',   'c11127',   '127.0.0.1', '1',   'https://ssogw16.kaist.ac.kr/sso/ELN_autologin.jsp',    'N/A',  'Y',    'N',    'N',    'S',    'Electonic Laboratory Note (전자연구노트)',   NULL,  116,     'Y',    'Y',    NULL,   TO_DATE(SYSDATE, 'YYYY-MM-DD HH24:MI:SS'),   'kcleeb');
INSERT INTO BDSCLIENT (OID, NAME, SECRET, IP, HASHVALUE, URL, REDIRECTURI, FLAGUSESSO, FLAGUSEEAM, FLAGUSEOTP, SSOTYPE, DESCRIPTION, INFO_MARK_OPTN, SERVICEORDERNO, FLAGUSE, FLAGOPEN, CREATEDAT, UPDATEDAT, MANAGERID) VALUES ('URS',     '예약',   'c11128',   '127.0.0.1', '1',   'https://urs.kaist.ac.kr/urs/sso/urs_autologin.do',     'N/A',  'Y',    'N',    'N',    'S',    '&amp;#40',     NULL,  117,     'Y',    'Y',    NULL,   TO_DATE(SYSDATE, 'YYYY-MM-DD HH24:MI:SS'),   'haewon95');
INSERT INTO BDSCLIENT (OID, NAME, SECRET, IP, HASHVALUE, URL, REDIRECTURI, FLAGUSESSO, FLAGUSEEAM, FLAGUSEOTP, SSOTYPE, DESCRIPTION, INFO_MARK_OPTN, SERVICEORDERNO, FLAGUSE, FLAGOPEN, CREATEDAT, UPDATEDAT, MANAGERID) VALUES ('ICT',     '정보통신팀 홈페이지',   'c11129',   '127.0.0.1', '1',   'https://ict.kaist.ac.kr/sso/ict_autologin.jsp',    'N/A',  'Y',    'N',    'N',    'S',    'ICT homepage &#40;정보통신팀 홈페이지&#41;',    NULL,  118,     'Y',    'Y',    NULL,   TO_DATE(SYSDATE, 'YYYY-MM-DD HH24:MI:SS'),   'choichoijae');

-- IAMPS
INSERT INTO BDSCLIENT (OID, NAME, SECRET, IP, HASHVALUE, URL, REDIRECTURI, FLAGUSESSO, FLAGUSEEAM, FLAGUSEOTP, SSOTYPE, DESCRIPTION, INFO_MARK_OPTN, SERVICEORDERNO, FLAGUSE, FLAGOPEN, CREATEDAT, UPDATEDAT, MANAGERID)
VALUES ('IAM', 'IAM',   'N/A',   '127.0.0.1', '1',   'https://iam2.kaist.ac.kr',    'N/A',  'Y',    'N',    'N',    'S',    'IAM',    NULL,  -1,     'Y',    'Y',    SYSDATE,   SYSDATE,   'yoonggang');

-- 권한을 사용하는 서비스의 그룹핑을 위한 코드
INSERT INTO BDSCODE
(CODEID, NAME, DESCRIPTION, FLAGSYNC, CREATORID, CREATEDAT, UPDATORID, UPDATEDAT)
VALUES('EAM_GROUP', '권한관리 서비스 그룹', '권한관리 서비스 그룹핑', 'N', 'admin', SYSDATE, 'admin', SYSDATE);

-- 권한을 사용하는 서비스의 그룹핑을 위한 세부 코드
INSERT INTO BDSCODEDETAIL
(OID, CODE, NAME, CODEID, FLAGSYNC, CREATORID, CREATEDAT, UPDATORID, UPDATEDAT)
VALUES('aMqtqPMi00h', 'HR', '인사', 'EAM_GROUP', 'N', 'admin', SYSDATE, NULL, SYSDATE);

INSERT INTO BDSCODEDETAIL
(OID, CODE, NAME, CODEID, FLAGSYNC, CREATORID, CREATEDAT, UPDATORID, UPDATEDAT)
VALUES('aMqtqZMz00j', 'SA', '학사', 'EAM_GROUP', 'N', 'admin', SYSDATE, NULL, SYSDATE);

-- 사용자 유형
INSERT INTO BDSCODE
(CODEID, NAME, DESCRIPTION, FLAGSYNC, CREATORID, CREATEDAT, UPDATORID, UPDATEDAT)
VALUES('USER_TYPE', '사용자 유형', NULL, 'N', 'admin', SYSDATE, NULL, SYSDATE);

INSERT INTO BDSCODEDETAIL
(OID, CODE, NAME, CODEID, FLAGSYNC, CREATORID, CREATEDAT, UPDATORID, UPDATEDAT)
VALUES('aMqvBU-z03i', 'P', '교수', 'USER_TYPE', 'N', 'admin', SYSDATE, NULL, SYSDATE);

INSERT INTO BDSCODEDETAIL
(OID, CODE, NAME, CODEID, FLAGSYNC, CREATORID, CREATEDAT, UPDATORID, UPDATEDAT)
VALUES('aMqvBXFV03k', 'E', '직원', 'USER_TYPE', 'N', 'admin', SYSDATE, NULL, SYSDATE);

INSERT INTO BDSCODEDETAIL
(OID, CODE, NAME, CODEID, FLAGSYNC, CREATORID, CREATEDAT, UPDATORID, UPDATEDAT)
VALUES('aMqvBenJ03o', 'R', '퇴직자', 'USER_TYPE', 'N', 'admin', SYSDATE, NULL, SYSDATE);

INSERT INTO BDSCODEDETAIL
(OID, CODE, NAME, CODEID, FLAGSYNC, CREATORID, CREATEDAT, UPDATORID, UPDATEDAT)
VALUES('aMqvBjgK03q', 'S', '재학생', 'USER_TYPE', 'N', 'admin', SYSDATE, NULL, SYSDATE);

INSERT INTO BDSCODEDETAIL
(OID, CODE, NAME, CODEID, FLAGSYNC, CREATORID, CREATEDAT, UPDATORID, UPDATEDAT)
VALUES('aMqvBmpY03s', 'A', '졸업생', 'USER_TYPE', 'N', 'admin', SYSDATE, NULL, SYSDATE);

INSERT INTO BDSCODEDETAIL
(OID, CODE, NAME, CODEID, FLAGSYNC, CREATORID, CREATEDAT, UPDATORID, UPDATEDAT)
VALUES('aMqvBr-o03u', 'G', '학생합격자', 'USER_TYPE', 'N', 'admin', SYSDATE, NULL, SYSDATE);

INSERT INTO BDSCODEDETAIL
(OID, CODE, NAME, CODEID, FLAGSYNC, CREATORID, CREATEDAT, UPDATORID, UPDATEDAT)
VALUES('aMqvC53S042', 'V', '협력업체직원', 'USER_TYPE', 'N', 'admin', SYSDATE, NULL, SYSDATE);

INSERT INTO BDSCODEDETAIL
(OID, CODE, NAME, CODEID, FLAGSYNC, CREATORID, CREATEDAT, UPDATORID, UPDATEDAT)
VALUES('aMqvC7If044', 'O', '외부인', 'USER_TYPE', 'N', 'admin', SYSDATE, NULL, SYSDATE);

UPDATE BDSCLIENT SET INFO_MARK_OPTN = 'kaist_uid' WHERE INFO_MARK_OPTN IS NULL;

INSERT INTO BDSCONFIGURATION
(CONFIGKEY, CONFIGVALUE, DESCRIPTION, HASHVALUE)
VALUES('SSO_INITECH_COOKIE_MAX_AGE', '1800', '사용자 쿠키 MAX AGE', 'N/A');

COMMIT;
